{"Train Loss": -0.0, "Train Accuracy": 100.0, "_timestamp": 1683682525.583183, "_runtime": 20.67667007446289, "_step": 61}