{"Train Loss": 0.6950746178627014, "Train Accuracy": 46.875, "_timestamp": 1683683806.2502575, "_runtime": 691.8795754909515, "_step": 1868}