{"Train Loss": -0.0, "Train Accuracy": 100.0, "_timestamp": 1683682371.951045, "_runtime": 92.86111807823181, "_step": 312}