{"Train Loss": 0.747861385345459, "Train Accuracy": 46.875, "_timestamp": 1683683024.9913392, "_runtime": 27.630221128463745, "_step": 78}