{"Train Loss": 0.6921292543411255, "Train Accuracy": 53.125, "_timestamp": 1683690003.7689133, "_runtime": 3078.7072591781616, "_step": 8586}