{"Train Loss": 0.6895502805709839, "Train Accuracy": 59.375, "_timestamp": 1683689371.9094746, "_runtime": 2446.847820520401, "_step": 6754}