{"Train Loss": 0.6632964611053467, "Train Accuracy": 59.375, "_timestamp": 1683687642.3245225, "_runtime": 717.2628684043884, "_step": 1880