{"Train Loss": -0.0, "Train Accuracy": 100.0, "_timestamp": 1683682455.5479827, "_runtime": 13.05552363395691, "_step": 29}