{"Train Loss": -0.0, "Train Accuracy": 100.0, "_timestamp": 1683682595.6199605, "_runtime": 41.0459885597229, "_step": 125}